chem_fp_001,chem_fp_005,chem_fp_006,chem_fp_007,chem_fp_011,chem_fp_012,chem_fp_013,chem_fp_014,chem_fp_015,chem_fp_017,chem_fp_018,chem_fp_019,chem_fp_020,chem_fp_021,chem_fp_022,chem_fp_023,chem_fp_028,chem_fp_029,chem_fp_082,chem_fp_120,chem_fp_121,chem_fp_122,chem_fp_123,chem_fp_124,chem_fp_126,chem_fp_127,chem_fp_135,chem_fp_136,chem_fp_139,chem_fp_141,chem_fp_142,chem_fp_144,chem_fp_145,chem_fp_150,chem_fp_151,chem_fp_161,chem_fp_169,class
0.0,18,5,13,6,12,12,6,6,6,6,6,3,10,9,4,1,2,3,5,18,12,6,0,5,7,0,0,4,0,0,0,0,0,0,0,6,1
0.0,15,4,11,4,11,9,4,6,5,6,6,3,10,6,3,3,0,3,4,15,9,6,0,4,6,2,2,0,1,1,3,3,0,0,0,6,0
0.0,12,6,6,6,6,12,6,0,6,0,0,5,5,0,0,6,0,6,5,11,11,0,0,6,15,5,5,4,3,3,2,2,0,0,0,0,0
0.0,25,4,21,5,20,11,4,14,7,13,14,3,18,14,6,5,0,2,7,27,11,16,0,4,5,1,1,1,0,0,3,3,0,0,0,13,1
0.0,28,7,21,7,21,16,7,12,9,12,12,1,15,8,6,3,0,5,10,29,17,12,0,7,6,0,3,1,2,4,4,7,0,0,0,12,1
0.0,24,6,18,8,16,12,8,12,4,12,12,1,15,10,6,1,0,3,2,26,14,12,5,6,9,0,0,3,0,0,8,13,1,0,4,12,1
0.0,22,4,18,4,18,10,4,12,6,12,12,4,17,12,9,4,0,3,7,23,11,12,0,4,6,2,2,0,0,0,3,3,0,0,0,12,0
0.0,14,4,10,4,10,8,4,6,4,6,6,2,9,4,3,4,0,3,1,15,9,6,6,4,6,3,3,0,1,1,3,3,0,0,6,6,0
0.0,34,6,28,6,28,13,4,21,9,19,18,7,27,22,12,3,4,1,7,38,16,22,6,2,2,0,0,0,1,0,2,2,0,2,6,16,0
0.0,15,4,11,4,11,9,4,6,5,6,6,2,9,5,3,2,0,3,4,15,9,6,0,4,5,1,1,1,2,4,1,1,0,0,0,6,0
0.0,10,3,7,3,7,10,3,0,7,0,0,2,2,1,0,2,0,2,4,9,9,0,0,2,0,0,0,0,0,0,0,0,0,0,0,0,0
0.0,28,4,24,4,24,28,4,0,24,0,0,27,27,21,0,2,16,4,4,31,31,0,20,4,6,0,0,0,0,0,1,1,0,5,12,0,1
0.0,19,9,10,9,10,10,5,9,5,5,2,4,6,4,2,5,0,4,2,21,11,10,5,8,22,5,7,9,3,6,9,13,3,3,0,2,0
0.0,36,10,26,10,26,24,10,12,14,12,12,10,28,18,4,5,2,9,3,40,28,12,15,10,35,3,3,7,9,12,7,9,5,2,12,12,0
0.0,19,9,10,9,10,10,5,9,5,5,2,4,6,4,2,5,0,4,2,21,11,10,5,8,22,5,7,9,3,6,9,13,3,3,0,2,0
0.0,16,5,11,5,11,4,4,12,0,11,10,0,10,7,7,0,0,0,2,17,5,12,0,5,7,1,2,3,2,3,5,6,0,0,0,11,1
0.0,14,4,10,4,10,14,4,0,10,0,0,7,7,5,0,4,5,0,3,14,14,0,8,4,6,1,1,0,2,2,0,0,0,0,0,0,1
0.0,14,4,9,7,7,14,7,0,7,0,0,4,4,1,0,6,1,2,4,14,14,0,6,4,3,0,0,1,0,0,1,2,0,0,6,0,1
0.0,26,4,22,4,22,14,4,12,10,12,12,7,21,16,9,4,2,2,7,28,16,12,6,4,3,0,0,0,0,4,0,0,0,4,6,12,0
0.0,100,33,67,34,66,89,32,11,57,9,7,45,54,36,7,15,17,16,35,103,92,11,26,32,408,23,23,5,21,33,34,37,8,15,0,6,0
0.0,10,2,8,2,8,4,1,6,3,5,4,1,6,6,4,1,0,0,3,10,4,6,0,2,1,0,0,1,0,0,0,0,0,0,0,5,1
0.0,25,4,21,5,20,9,4,16,5,15,15,2,18,13,8,3,0,1,6,27,10,17,0,4,5,0,0,4,0,0,3,3,0,0,0,15,1
0.0,15,6,9,6,9,15,6,0,9,0,0,6,6,5,0,2,2,4,8,14,14,0,0,6,9,0,0,1,0,0,2,4,0,0,0,0,1
0.0,5,4,1,4,1,5,4,0,1,0,0,0,0,0,0,0,0,2,0,4,4,0,0,4,6,2,2,0,0,0,0,0,0,0,0,0,1
0.0,12,2,10,2,10,6,2,6,4,6,6,1,7,5,4,1,0,1,2,12,6,6,0,1,0,0,0,0,0,0,0,0,0,0,0,6,0
0.0,17,6,11,8,9,6,5,11,1,8,6,0,7,6,4,0,0,2,3,18,7,11,0,6,9,1,1,4,1,3,6,8,0,0,0,6,1
0.0,29,2,27,2,27,29,2,0,27,0,0,26,29,25,0,1,14,2,5,31,31,0,16,2,1,0,0,0,0,0,0,0,2,3,10,0,1
0.0,24,3,21,6,18,7,4,17,3,15,13,1,16,12,10,2,0,1,6,26,9,17,0,2,0,0,0,0,0,1,0,1,0,0,0,12,0
0.0,30,7,23,7,23,30,7,0,23,0,0,24,25,18,0,2,9,6,4,33,33,0,20,6,9,1,2,1,1,2,2,2,2,6,12,0,0
0.0,21,2,19,8,13,9,8,12,1,12,12,0,14,5,2,0,0,2,2,22,10,12,0,2,1,0,0,0,0,0,1,1,0,0,0,12,0
0.0,22,4,18,4,18,16,4,6,12,6,6,8,16,13,3,1,5,3,9,22,16,6,0,4,5,1,1,0,1,1,2,2,0,0,0,6,0
0.0,11,2,9,2,9,1,1,10,0,9,9,0,9,8,6,0,0,1,0,12,1,11,0,2,1,1,1,0,0,0,0,0,0,0,0,9,1
0.0,26,4,22,5,21,20,5,6,15,6,6,11,18,14,5,4,6,3,9,26,20,6,6,3,2,2,2,0,0,0,0,0,0,0,6,6,0
0.0,19,2,17,7,12,7,7,12,0,12,12,0,12,4,4,0,0,2,2,20,8,12,0,2,1,0,0,0,0,0,1,1,0,0,0,12,0
0.0,11,4,7,5,6,5,5,6,0,6,6,0,6,4,4,0,0,2,1,11,5,6,0,4,5,0,0,0,0,0,6,6,0,0,0,6,0
0.0,11,5,6,6,5,2,2,9,0,5,2,0,2,3,1,0,0,0,0,12,2,10,0,4,7,3,0,4,4,2,5,3,0,0,0,2,1
0.0,41,7,34,7,34,41,7,0,34,0,0,36,37,30,0,1,14,7,6,45,45,0,26,7,11,0,0,0,2,4,0,0,5,11,22,0,0
0.0,15,4,11,4,11,9,4,6,5,6,6,3,10,6,3,3,0,3,4,15,9,6,0,4,6,1,1,1,2,2,3,3,0,0,0,6,1
0.0,44,13,31,13,31,28,12,16,16,15,15,9,28,19,5,4,0,10,9,47,30,17,6,13,50,6,8,8,6,12,11,20,6,6,6,15,1
0.0,35,6,29,6,29,17,6,18,11,18,18,8,28,20,13,4,4,1,7,39,21,18,11,4,3,1,2,3,3,5,2,2,1,1,5,18,1
0.0,28,4,24,4,24,28,4,0,24,0,0,27,27,21,0,2,16,4,4,31,31,0,20,4,6,0,0,0,0,0,1,1,0,5,12,0,1
0.0,26,3,23,5,21,14,5,12,9,12,12,7,21,16,9,1,2,3,7,28,16,12,3,3,0,0,0,0,0,1,0,0,5,0,0,12,0
0.0,24,2,22,6,18,7,4,17,3,15,13,1,16,12,10,2,0,0,6,26,9,17,0,1,0,0,0,0,0,0,0,0,0,0,0,12,0
0.0,16,3,13,3,13,10,3,6,7,6,6,6,13,11,5,0,3,2,2,17,11,6,6,3,2,0,0,1,0,0,2,3,1,4,6,6,1
0.0,59,13,46,13,46,44,12,15,32,14,14,24,43,27,6,8,6,9,10,67,51,16,29,12,33,5,5,8,6,8,4,18,4,1,12,8,0
0.0,21,4,17,4,17,9,4,12,5,12,12,2,15,10,8,3,0,1,4,23,11,12,5,4,5,2,3,1,0,0,2,2,0,0,0,12,1
0.0,7,2,5,3,4,2,1,5,1,3,1,0,1,2,2,0,0,0,0,7,2,5,0,1,0,0,0,0,0,0,0,0,0,0,0,0,1
0.0,22,6,16,6,16,7,4,15,3,13,12,0,14,13,8,0,0,3,4,24,8,16,0,5,9,1,0,2,1,2,2,0,0,0,0,10,1
0.0,19,4,15,4,15,13,4,6,9,6,6,4,11,8,4,3,2,2,9,19,13,6,0,4,3,0,1,0,0,1,4,4,0,0,0,6,0
0.0,6,1,5,3,3,6,3,0,3,0,0,2,2,0,0,3,0,1,2,5,5,0,0,1,0,0,0,0,0,0,0,0,0,0,0,0,1
0.0,9,3,6,3,6,9,3,0,6,0,0,5,5,4,0,1,4,2,5,8,8,0,0,3,3,0,0,0,0,0,0,0,0,0,0,0,0
0.0,60,14,46,14,46,45,13,15,32,14,14,24,43,27,6,8,6,10,10,68,52,16,29,13,36,5,5,8,7,9,4,23,4,1,12,8,0
0.0,23,5,18,8,15,11,8,12,3,12,12,2,15,7,5,1,0,4,5,24,12,12,0,5,9,2,2,0,2,2,0,0,0,0,0,12,0
8e-05,36,7,29,8,28,36,8,0,28,0,0,27,29,22,0,2,9,7,8,39,39,0,20,7,6,0,2,1,1,3,1,3,3,7,12,0,0
0.000133,35,9,26,9,26,23,9,12,14,12,12,7,23,16,9,3,0,6,9,37,25,12,6,8,7,0,1,4,0,1,4,8,4,4,6,12,1
0.000151,35,6,29,8,27,30,7,5,23,4,3,23,29,22,3,2,7,5,5,39,34,5,20,6,5,0,3,0,1,2,1,4,3,7,12,0,0
0.0002,22,5,17,5,17,10,5,12,5,12,12,3,17,11,7,3,0,4,6,23,11,12,0,5,10,1,1,1,2,2,3,3,0,0,0,12,1
0.000421,22,2,20,3,19,11,2,11,9,10,9,5,19,16,6,2,2,1,0,25,14,11,11,2,0,0,0,0,0,0,0,0,0,2,6,6,0
0.0005,34,5,29,6,28,13,5,21,8,20,20,5,28,21,11,4,3,4,7,38,16,22,6,5,7,0,1,0,0,0,0,2,0,0,6,16,1
0.0007,14,3,11,5,9,8,5,6,3,6,6,1,7,3,3,2,0,0,1,15,9,6,5,3,3,1,1,0,1,1,0,0,0,0,0,6,1
0.0008,24,5,19,5,19,15,4,9,11,8,8,7,18,13,4,4,1,2,3,27,17,10,9,4,9,1,1,2,2,1,3,2,1,0,7,4,0
0.00166,26,8,18,9,17,20,9,6,11,6,6,6,13,6,3,3,0,6,5,28,22,6,8,8,13,4,5,6,2,6,6,8,1,7,0,6,1
0.00221,55,14,41,14,41,55,14,0,41,0,0,40,41,24,0,15,15,14,7,62,62,0,43,14,63,4,6,10,5,14,6,9,13,12,30,0,0
0.0023,28,8,20,8,20,22,8,6,14,6,6,9,18,13,4,1,1,6,6,29,23,6,6,7,6,0,0,4,0,0,4,8,4,4,6,6,0
0.00282,23,2,21,2,21,23,2,0,21,0,0,22,24,20,0,0,13,2,2,26,26,0,20,2,1,0,0,0,0,0,0,0,0,0,12,0,1
0.003,28,6,22,6,22,28,6,0,22,0,0,23,25,18,0,2,7,5,2,31,31,0,20,5,9,2,2,1,1,1,1,1,3,7,12,0,0
0.00337,25,5,20,5,20,16,4,9,12,8,8,8,19,14,4,4,2,2,4,28,18,10,9,4,9,1,1,2,2,1,3,2,1,0,7,4,0
0.0039,25,4,21,4,21,19,4,6,15,6,6,14,23,14,2,4,6,3,2,30,24,6,19,4,5,2,2,1,2,4,3,6,1,2,9,4,0
0.00398,34,4,30,5,29,16,5,18,11,18,18,7,28,21,14,3,3,2,7,37,19,18,6,4,3,0,0,2,0,2,0,0,0,4,6,18,0
0.004,30,6,24,7,23,18,7,12,11,12,12,5,21,13,7,7,1,1,6,33,21,12,10,3,2,1,3,0,0,0,2,2,0,2,8,12,0
0.0055,29,7,22,7,22,16,7,13,9,13,13,3,19,12,4,1,1,6,5,31,18,13,4,7,6,0,3,1,1,1,2,3,0,0,0,6,1
0.0059,20,2,18,2,18,14,2,6,12,6,6,13,21,17,3,0,7,2,0,23,17,6,14,2,1,0,0,0,0,0,0,0,0,0,6,6,1
0.0077,20,2,18,2,18,14,2,6,12,6,6,10,18,13,3,2,6,1,1,23,17,6,14,2,0,0,0,0,0,0,0,0,0,0,11,6,0
0.008,26,4,22,4,22,20,4,6,16,6,6,12,20,16,5,4,6,3,10,27,21,6,6,4,3,2,2,0,0,1,0,0,0,0,6,6,0
0.009,29,2,27,3,26,11,3,18,8,18,18,3,25,20,14,4,0,1,9,31,13,18,0,2,0,0,1,0,0,0,0,0,0,0,0,18,1
0.009,16,4,12,4,12,10,4,6,6,6,6,4,11,7,3,2,0,3,4,16,10,6,0,4,6,1,1,1,2,2,3,3,0,0,0,6,1
0.0098,22,2,20,2,20,22,2,0,20,0,0,21,23,19,0,0,12,2,1,25,25,0,20,2,1,0,0,0,0,0,0,0,0,0,12,0,1
0.01,20,2,18,3,17,8,3,12,5,12,12,2,14,9,8,2,0,0,3,22,10,12,4,2,0,0,1,0,0,0,0,0,0,0,2,12,0
0.01,20,1,19,1,19,8,1,12,7,12,12,3,20,17,8,1,1,0,3,22,10,12,5,1,0,0,0,0,0,0,0,0,0,0,0,12,1
0.01,25,3,22,7,18,8,5,17,3,15,13,1,16,11,9,2,0,1,6,27,10,17,0,2,0,0,0,0,0,1,0,1,0,0,0,12,0
0.01,28,4,24,4,24,28,4,0,24,0,0,23,25,20,0,1,12,4,5,31,31,0,20,4,0,0,0,0,0,0,0,0,0,0,12,0,1
0.01,23,2,21,2,21,17,2,6,15,6,6,14,23,18,3,0,7,2,2,26,20,6,14,2,1,0,0,0,0,0,0,0,0,0,6,6,1
0.01,16,10,6,10,6,16,10,0,6,0,0,5,5,0,0,6,0,8,4,17,17,0,9,8,0,0,5,4,0,9,0,10,0,1,0,0,0
0.01,20,5,15,6,14,14,6,6,8,6,6,3,10,5,2,4,0,2,7,20,14,6,0,5,7,1,1,3,0,1,5,5,0,0,0,6,0
0.01,19,2,17,3,16,7,2,12,5,11,10,2,14,12,8,1,1,0,5,20,8,12,0,2,0,0,0,0,0,1,0,0,0,0,0,11,0
0.0196,17,6,11,6,11,11,6,6,5,6,6,2,9,7,5,2,0,4,7,17,11,6,0,6,9,0,0,1,0,0,2,4,0,0,0,6,1
0.02,15,4,11,4,11,10,2,5,8,3,1,6,8,8,2,1,3,2,3,16,11,5,5,3,0,0,0,0,0,1,0,1,1,1,0,0,0
0.02,12,0,12,6,6,12,6,0,6,0,0,6,6,0,0,6,0,0,0,12,12,0,6,0,0,0,0,0,0,0,0,0,6,6,6,0,0
0.02,25,5,20,5,20,19,5,6,14,6,6,14,22,13,2,4,6,4,2,30,24,6,19,5,7,2,3,1,4,6,4,11,1,2,9,4,1
0.02,15,8,7,9,6,9,7,6,2,4,2,0,3,1,0,0,0,1,1,15,9,6,0,8,25,3,6,7,4,4,12,13,0,0,0,4,0
0.02,30,5,25,7,23,18,7,12,11,12,12,4,19,12,7,5,1,2,5,33,21,12,10,5,0,0,2,0,0,0,0,0,0,2,8,12,0
0.025,25,3,22,3,22,20,1,5,19,3,2,19,25,21,1,0,9,1,1,29,24,5,19,3,2,0,0,1,0,0,0,0,0,0,10,0,1
0.0251,90,28,62,28,62,76,26,14,50,12,12,32,48,31,2,14,8,15,8,96,80,16,40,28,125,11,25,12,9,34,13,28,12,16,0,12,1
0.0291,21,7,14,8,13,16,5,5,11,2,1,7,8,3,0,7,0,3,7,22,17,5,6,7,11,2,8,3,1,5,3,8,0,0,6,0,1
0.03,25,2,23,3,22,2,1,23,1,21,19,0,22,20,17,0,0,0,4,28,5,23,0,1,0,0,0,0,0,0,0,0,0,0,0,18,0
0.0309,25,7,18,8,17,13,8,12,5,12,12,3,16,11,7,1,2,5,8,26,14,12,0,7,15,1,1,3,5,5,6,10,0,0,0,12,1
0.032,22,2,20,3,19,10,3,12,7,12,12,3,17,12,7,2,1,0,4,24,12,12,5,2,0,0,0,1,0,0,0,0,0,0,0,12,1
0.04,30,7,23,7,23,15,3,15,12,11,9,8,21,18,3,3,4,1,4,34,18,16,11,5,0,0,0,3,0,4,0,2,0,2,10,8,1
0.04428,30,9,21,9,21,24,9,6,15,6,6,9,18,12,4,3,0,7,8,31,25,6,6,8,7,0,1,4,0,1,4,8,4,4,6,6,1
0.06,13,4,9,4,9,7,3,6,4,5,4,0,4,4,4,0,0,2,2,13,7,6,0,3,0,0,0,0,0,0,0,0,0,0,0,5,0
0.06,23,2,21,2,21,23,2,0,21,0,0,23,24,21,0,0,12,2,1,26,26,0,20,2,0,0,0,0,0,0,0,0,0,2,12,0,1
0.06,29,8,21,8,21,23,8,6,15,6,6,12,19,13,5,5,6,5,12,30,24,6,5,8,22,5,6,0,1,2,6,9,0,0,0,6,1
0.06,21,2,19,3,18,9,3,12,6,12,12,3,16,12,10,5,0,1,8,22,10,12,0,2,0,0,1,0,0,0,0,0,0,0,0,12,0
0.06,21,2,19,2,19,9,2,12,7,12,12,3,17,13,8,2,1,0,4,23,11,12,5,2,0,0,0,1,0,0,0,0,0,0,0,12,1
0.06,20,5,15,6,14,11,5,9,6,8,8,1,11,9,4,2,0,2,6,21,11,10,0,4,7,0,0,0,1,0,1,0,0,0,0,4,0
0.0682,14,6,8,8,6,14,8,0,6,0,0,3,3,2,0,2,2,6,7,13,13,0,0,6,0,0,0,0,0,1,0,0,0,0,0,0,1
0.075,18,5,13,5,13,12,4,6,8,5,4,5,9,9,4,1,0,0,3,18,12,6,0,5,7,0,0,4,0,0,2,4,0,0,0,5,0
0.073,10,4,6,5,5,1,1,9,0,5,2,0,2,4,2,0,0,0,0,11,1,10,0,3,3,3,0,3,2,2,2,1,0,0,0,2,1
0.0749,33,6,27,6,27,21,6,12,15,12,12,8,22,16,6,2,3,4,14,34,22,12,0,6,0,0,2,0,0,0,0,3,0,0,0,12,1
0.08,29,4,25,5,24,29,5,0,24,0,0,25,26,20,0,1,12,4,2,33,33,0,25,4,0,0,0,0,0,1,0,0,0,6,12,0,1
0.08,18,4,14,4,14,9,3,9,6,8,8,4,12,9,5,4,0,2,6,19,9,10,0,3,6,2,2,1,1,0,1,0,0,0,0,4,0
0.0876,19,2,17,2,17,7,2,12,5,12,12,1,15,12,10,3,0,1,6,20,8,12,0,2,0,0,1,0,0,0,0,0,0,0,0,12,0
0.088,28,6,22,6,22,28,6,0,22,0,0,23,25,18,0,2,7,5,2,31,31,0,20,5,9,2,2,1,1,1,1,1,3,7,12,0,0
0.09,25,8,17,8,17,19,8,6,11,6,6,6,15,10,4,0,0,6,4,26,20,6,6,7,6,0,0,4,0,0,4,8,4,4,6,6,1
0.1,19,8,11,8,11,13,8,6,5,6,6,3,10,7,3,0,1,3,4,19,13,6,0,4,3,0,0,0,0,0,4,4,0,0,0,6,1
0.11,10,1,9,1,9,4,1,6,3,6,6,3,10,8,5,1,1,0,1,11,5,6,3,1,0,0,0,0,0,0,0,0,1,0,0,6,0
0.13,22,5,17,5,17,16,5,6,11,6,6,8,16,10,3,5,0,4,6,23,17,6,5,5,10,3,3,1,1,1,2,2,0,0,4,6,0
0.13,34,14,20,14,20,22,12,12,10,10,8,6,15,7,4,4,2,7,9,36,24,12,5,14,70,6,8,9,9,15,21,22,0,0,4,10,0
0.14,16,2,14,3,13,10,3,6,7,6,6,5,12,10,4,1,0,1,4,16,10,6,0,2,1,1,1,0,0,0,0,0,0,0,0,6,1
0.143,19,2,17,3,16,7,2,12,5,11,10,2,14,12,8,1,1,0,5,20,8,12,0,2,0,0,0,0,0,1,0,0,0,0,0,11,0
0.149,31,7,24,7,24,19,7,12,12,12,12,8,22,16,9,4,2,5,10,33,21,12,6,7,11,5,6,0,1,2,3,7,1,0,0,12,0
0.15,16,6,10,6,10,10,6,6,4,6,6,3,10,6,3,0,0,4,4,16,10,6,0,6,15,3,3,2,0,0,1,1,0,0,0,6,0
0.15,20,2,18,2,18,8,2,12,6,12,12,1,16,13,9,3,0,1,6,21,9,12,0,2,0,0,1,0,0,0,0,0,0,0,0,12,0
0.27,25,4,21,4,21,13,4,12,9,12,12,6,20,16,9,4,2,3,11,26,14,12,0,4,5,2,2,2,0,0,0,0,0,0,0,12,0
0.16,32,10,22,10,22,20,10,12,10,12,12,4,20,10,4,8,0,6,12,34,22,12,4,10,44,4,4,4,8,10,4,4,0,0,2,12,1
0.163,34,4,30,4,30,16,4,18,12,18,18,9,30,25,15,4,3,2,10,37,19,18,6,4,0,0,0,0,0,5,0,0,0,4,6,18,0
0.19,19,3,16,3,16,7,2,12,5,11,10,1,12,10,9,3,0,0,6,20,8,12,0,3,0,0,1,0,0,1,0,1,0,0,0,11,1
0.22,11,2,9,2,9,5,2,6,3,6,6,2,9,7,5,2,0,1,2,11,5,6,0,2,1,1,1,0,0,0,0,0,0,0,0,6,0
0.24,17,9,8,9,8,12,6,5,6,2,0,4,5,2,1,5,0,5,3,18,13,5,5,8,22,6,10,5,3,4,9,13,3,3,0,0,0
0.26,12,2,10,2,10,6,2,6,4,6,6,2,9,7,5,2,0,1,3,12,6,6,0,2,1,1,1,0,0,0,0,0,0,0,0,6,0
0.273,30,6,24,6,24,15,5,15,10,14,14,7,24,19,8,2,2,4,8,32,16,16,0,4,6,0,0,3,0,0,2,2,0,0,0,10,0
0.28,19,4,15,4,15,9,3,10,6,9,9,4,13,10,5,2,2,1,6,20,9,11,0,4,5,1,1,1,1,3,1,1,0,0,0,9,0
0.3,30,7,23,8,22,8,2,22,6,16,13,3,21,19,8,1,2,1,8,33,11,22,0,5,9,2,1,2,1,1,0,0,0,0,0,12,1
0.31,23,4,19,5,18,11,5,12,6,12,12,2,15,8,7,4,0,0,0,26,14,12,11,4,3,1,3,2,1,3,0,0,0,2,6,12,1
0.34,16,8,8,8,8,11,7,5,4,4,3,1,5,4,2,2,0,4,2,17,12,5,5,7,0,0,6,2,0,1,0,8,0,0,0,0,1
0.34,22,7,15,7,15,11,5,11,6,9,7,1,11,8,4,2,0,3,3,24,13,11,4,5,0,0,2,1,0,3,0,5,0,0,0,6,0
0.34,22,2,20,2,20,22,2,0,20,0,0,15,20,19,0,0,3,2,0,22,22,0,6,2,1,0,0,0,0,0,0,0,2,0,6,0,1
0.37,17,7,10,10,7,11,10,6,1,6,6,0,6,2,2,1,0,4,1,18,12,6,5,7,15,0,0,5,0,0,13,17,0,0,4,6,1
0.38,15,6,9,7,8,6,5,9,1,7,6,0,6,5,3,0,0,1,2,16,6,10,0,3,2,0,0,0,1,3,1,2,0,0,0,4,1
0.406,33,13,20,13,20,17,9,16,8,12,9,4,15,11,5,2,2,5,9,35,18,17,0,13,50,3,8,9,5,9,12,22,0,0,0,12,1
0.43,28,11,17,11,17,22,11,6,11,6,6,7,14,7,3,5,3,3,9,29,23,6,6,5,7,1,1,2,2,5,0,0,0,0,6,6,1
0.4349,33,7,26,8,25,16,5,17,11,14,12,6,19,14,9,6,1,2,10,36,19,17,6,5,0,0,3,1,0,3,0,2,0,2,6,12,1
0.457839,11,3,8,4,7,2,2,9,0,7,6,0,6,5,3,0,0,1,0,12,2,10,0,3,2,0,1,0,1,1,0,0,0,0,0,4,1
0.47,26,5,21,5,21,26,5,0,21,0,0,22,24,19,0,1,8,5,2,29,29,0,20,5,7,2,2,1,1,1,0,1,2,4,12,0,0
0.482,20,4,16,4,16,15,3,5,12,4,3,7,14,11,0,5,2,2,3,22,17,5,11,3,3,0,2,1,1,0,3,0,0,0,10,0,1
0.54,13,2,11,2,11,7,2,6,5,6,6,2,10,8,3,2,0,1,3,13,7,6,0,2,1,1,1,0,0,0,0,0,0,0,0,6,1
0.64,23,4,19,4,19,17,4,6,13,6,6,10,18,13,4,4,6,2,1,26,20,6,16,4,0,0,3,0,0,4,0,1,1,0,14,6,0
0.551,34,9,25,10,24,28,10,6,18,6,6,13,21,17,4,3,6,5,7,36,30,6,11,9,21,0,0,6,0,1,0,0,3,5,6,6,0
0.58,61,15,46,15,46,55,15,6,40,6,6,28,42,29,0,7,7,11,5,66,60,6,37,15,60,3,5,13,4,10,14,25,6,6,7,4,1
0.637,14,4,10,4,10,14,4,0,10,0,0,4,4,2,0,6,0,1,2,14,14,0,6,4,0,0,2,0,0,4,0,0,0,2,6,0,1
0.69,16,4,12,4,12,10,4,6,6,6,6,2,10,8,4,2,0,1,4,16,10,6,0,4,6,0,0,0,0,0,0,0,0,0,0,6,1
0.7,41,9,32,10,31,20,9,21,11,20,20,5,29,23,11,1,4,6,9,45,23,22,5,8,13,0,0,2,1,2,0,0,0,0,0,16,1
0.75,17,9,8,9,8,11,6,6,5,3,0,4,4,2,1,5,0,5,2,18,12,6,5,8,22,4,4,10,4,4,10,13,3,3,0,3,1
0.7764,16,6,10,6,10,10,4,6,6,4,2,3,7,7,1,3,0,4,2,17,11,6,5,4,7,1,1,2,0,0,4,4,1,1,0,4,1
0.8,27,3,24,3,24,15,3,12,12,12,12,8,21,16,10,7,3,1,10,29,17,12,5,3,0,0,2,1,0,0,0,0,0,0,0,12,1
0.848,29,10,19,11,18,17,11,12,6,12,12,3,17,11,7,1,0,4,7,30,18,12,0,6,9,2,2,2,2,4,2,2,0,0,0,12,1
0.85,16,4,12,4,12,10,4,6,6,6,6,4,11,9,5,1,1,2,2,17,11,6,6,4,5,0,0,6,0,0,2,3,1,0,6,6,0
0.86,22,2,20,2,20,22,2,0,20,0,0,15,20,19,0,0,3,2,0,22,22,0,6,2,1,0,0,0,0,0,0,0,2,0,6,0,1
0.9,19,4,15,4,15,8,3,11,5,10,9,3,15,13,7,0,1,3,3,21,10,11,4,3,2,0,0,0,0,0,0,0,0,0,0,6,1
0.922,17,7,10,7,10,8,3,9,5,5,2,4,6,6,2,3,2,3,2,19,9,10,5,6,9,2,4,6,0,3,4,8,1,1,0,2,1
0.93,85,23,62,23,62,85,23,0,62,0,0,43,44,32,0,12,13,12,15,85,85,0,33,23,100,12,23,2,5,23,12,23,23,24,0,0,1
0.93,14,4,10,5,9,14,5,0,9,0,0,7,7,4,0,3,3,3,3,14,14,0,5,4,3,1,2,0,1,2,1,2,0,0,0,0,1
0.94,5,3,0,5,0,5,5,0,0,0,0,0,0,0,0,0,0,3,2,4,4,0,0,3,0,0,0,1,0,0,0,0,0,0,0,0,1
1.0,19,9,10,10,9,5,4,14,1,8,3,0,3,5,3,0,0,2,3,21,6,15,0,6,6,1,4,2,2,3,1,8,0,0,0,2,1
1.0,13,1,12,1,12,7,1,6,6,6,6,4,12,11,3,0,0,1,2,13,7,6,0,1,0,0,0,0,0,0,0,0,0,0,0,6,0
1.05,25,5,20,6,19,13,5,12,8,11,10,4,17,14,7,2,0,3,7,27,15,12,5,5,4,0,0,2,2,3,0,0,2,2,0,11,0
1.06,19,9,10,9,10,13,7,6,6,4,2,4,7,6,1,4,1,4,3,20,14,6,5,6,11,1,2,4,0,1,6,7,2,2,0,4,1
1.14,17,6,11,7,10,12,5,5,7,3,1,1,4,4,1,3,0,0,5,17,12,5,0,5,12,1,0,2,0,0,0,1,0,0,0,0,1
1.2,15,5,10,5,10,9,5,6,4,6,6,3,10,6,3,0,0,4,3,15,9,6,0,5,10,3,3,0,0,0,1,1,0,0,0,6,1
1.22,32,10,22,11,21,26,11,6,15,6,6,12,22,11,2,2,3,8,1,35,29,6,15,10,39,3,3,9,11,14,10,11,6,9,12,6,1
1.24,23,9,14,9,14,12,8,11,4,10,9,1,12,10,6,1,0,4,3,25,14,11,5,8,7,1,5,5,2,4,2,4,2,2,0,6,1
1.35,14,5,9,5,9,8,5,6,3,6,6,2,9,5,3,1,0,4,3,14,8,6,0,5,10,3,3,0,0,0,1,1,0,0,0,6,0
1.45,32,7,25,7,25,20,7,12,13,12,12,8,23,17,9,5,1,5,10,34,22,12,5,7,11,5,6,0,1,2,2,6,0,0,4,12,1
1.47,17,9,8,9,8,12,8,5,4,4,3,1,5,4,2,1,0,4,2,18,13,5,5,8,7,2,7,5,2,4,1,8,2,2,0,0,1
1.49,17,4,13,5,12,5,5,12,0,12,12,0,12,8,8,0,0,2,2,18,6,12,0,4,5,0,0,0,0,0,8,8,0,0,0,12,1
1.5,23,4,19,4,19,7,3,16,4,15,15,3,20,18,9,0,1,3,4,25,8,17,0,4,3,0,0,3,0,0,2,5,0,0,0,15,1
1.6,24,6,18,7,17,18,7,6,11,6,6,7,15,8,1,0,2,6,3,26,20,6,10,6,0,0,2,7,0,3,0,10,5,0,5,4,1
1.7,23,7,16,8,15,11,7,12,4,11,10,1,13,9,8,0,0,4,1,25,13,12,5,7,11,2,3,3,7,10,2,4,3,2,4,11,1
1.7,65,18,47,18,47,65,18,0,47,0,0,38,45,29,0,15,11,17,3,67,67,0,46,18,138,6,6,19,6,6,19,23,12,11,12,0,1
1.7,24,2,22,3,21,12,3,12,9,12,12,6,20,15,9,3,3,1,6,26,14,12,5,2,0,0,0,1,0,0,0,0,0,0,0,12,0
1.84,22,3,19,5,17,7,4,15,3,14,14,1,18,14,6,0,0,2,3,24,8,16,0,3,2,0,0,1,0,1,2,2,0,0,0,10,1
1.842,36,12,24,12,24,26,8,10,18,6,3,12,15,8,0,12,6,4,12,39,28,11,12,12,38,4,9,8,8,28,2,8,0,0,12,6,0
1.88,10,5,5,5,5,1,1,9,0,5,3,0,3,4,2,0,0,1,0,11,1,10,0,4,7,0,1,6,4,3,3,3,0,0,0,2,1
1.88,26,6,20,7,19,11,4,15,7,12,10,4,14,11,8,5,1,1,5,29,13,16,6,4,0,0,3,1,0,1,0,1,0,2,6,10,1
2.0,21,7,14,7,14,9,5,12,4,10,8,0,10,6,3,0,0,3,5,22,10,12,0,7,11,0,2,5,0,0,3,4,0,0,0,10,1
2.0,57,16,41,16,41,57,16,0,41,0,0,32,32,20,0,13,8,15,12,60,60,0,29,16,0,0,6,12,0,11,0,17,14,12,12,0,1
2.0,30,7,23,8,22,18,8,12,10,12,12,5,17,9,7,6,1,4,6,33,21,12,10,7,6,0,2,3,0,0,2,4,0,0,8,12,1
2.0,13,8,3,10,3,13,10,0,3,0,0,2,2,1,0,1,1,7,4,12,12,0,0,8,27,6,6,10,6,6,0,0,0,0,0,0,0
2.0,25,5,20,6,19,10,5,15,5,14,14,1,18,14,7,0,0,4,5,27,11,16,0,4,3,0,0,0,0,0,0,0,0,0,0,10,1
2.38,42,13,29,13,29,30,13,12,17,12,12,11,26,11,4,10,2,13,5,48,36,12,24,13,33,6,9,7,3,13,5,11,2,3,12,10,1
2.4,32,10,22,10,22,26,10,6,16,6,6,12,23,13,3,2,2,8,1,35,29,6,15,10,39,3,3,11,12,15,8,9,9,14,12,6,1
2.4,13,3,10,3,10,7,3,6,4,6,6,2,8,6,4,1,0,2,3,13,7,6,0,3,2,0,0,0,2,2,0,0,0,0,0,6,1
2.5,52,14,38,14,38,52,14,0,38,0,0,31,31,19,0,11,8,13,8,54,54,0,26,14,46,7,8,11,6,9,2,14,21,18,12,0,1
2.58,14,4,10,4,10,2,2,12,0,10,8,0,9,9,6,0,0,1,1,15,3,12,0,3,5,2,1,0,1,0,3,0,0,0,0,10,1
2.7,23,6,17,7,16,17,7,6,10,6,6,7,14,9,5,3,0,4,4,25,19,6,8,6,9,4,5,1,2,6,6,7,1,7,0,6,1
2.8,25,4,21,4,21,13,3,12,10,11,10,7,19,17,9,3,1,1,8,26,14,12,0,4,3,0,0,2,1,3,0,0,0,0,0,11,1
2.82,23,4,19,5,18,17,5,6,12,6,6,10,17,13,4,2,5,3,5,25,19,6,11,4,3,0,0,1,2,3,0,0,2,2,6,6,1
3.0,18,3,15,3,15,6,3,12,3,12,12,0,15,12,7,0,0,2,3,19,7,12,0,3,3,0,0,2,0,0,0,0,0,0,0,12,1
3.3,17,8,9,8,9,11,6,6,5,4,2,4,6,4,1,4,1,5,2,18,12,6,5,5,12,2,2,4,0,0,6,5,2,2,0,4,1
3.62,24,4,20,4,20,14,3,10,11,9,9,8,19,14,5,4,4,2,4,27,16,11,9,4,3,1,1,0,2,4,1,3,0,2,8,9,1
3.8,15,6,9,7,8,9,5,6,4,4,2,2,4,3,2,4,0,3,2,16,10,6,5,5,7,1,1,3,0,0,5,7,1,1,0,4,1
3.8,24,7,17,7,17,14,6,10,8,9,9,5,15,9,3,4,2,3,3,27,16,11,9,5,7,2,2,2,0,0,0,2,0,0,6,9,1
3.9,35,2,33,4,31,23,4,12,19,12,12,14,30,26,4,0,0,2,8,36,24,12,0,2,1,0,0,0,0,0,0,0,0,0,0,12,0
4.0,33,10,23,10,23,27,10,6,17,6,6,12,22,12,2,1,3,7,2,36,30,6,15,10,35,3,3,9,9,13,7,8,6,7,12,6,1
4.38,25,4,21,5,20,13,5,12,8,12,12,5,19,15,8,1,0,4,7,26,14,12,0,4,0,0,2,0,0,0,0,2,0,0,0,12,1
4.39,17,7,10,8,9,11,6,6,5,4,2,4,6,4,1,4,1,5,2,18,12,6,5,5,12,2,2,4,0,0,6,5,2,2,0,4,1
4.96,14,6,8,6,8,5,2,9,3,5,2,0,2,5,1,0,0,2,0,15,5,10,0,3,0,0,0,3,0,1,0,3,0,0,0,2,0
4.98,16,4,12,5,11,7,4,9,3,8,8,1,10,9,5,1,0,2,2,17,7,10,0,4,5,2,2,0,0,0,0,0,0,0,0,4,1
5.0,32,10,22,10,22,26,10,6,16,6,6,13,23,13,3,2,2,8,1,35,29,6,15,10,39,3,3,11,12,15,8,9,9,14,12,6,1
5.3,13,4,9,4,9,7,4,6,3,6,6,1,8,6,5,1,0,2,1,14,8,6,5,4,5,1,2,2,3,3,0,0,2,2,0,6,1
5.42,25,8,17,8,17,15,7,10,8,9,9,4,14,8,2,4,0,3,3,27,16,11,6,5,7,2,2,2,0,0,0,2,1,0,6,9,1
5.5,28,6,22,7,21,8,6,20,2,19,20,0,20,15,11,0,0,3,5,31,9,22,0,6,9,1,1,3,2,2,1,3,0,0,0,19,1
6.0,10,4,6,4,6,10,4,0,6,0,0,3,3,2,0,0,0,3,0,10,10,0,5,4,0,0,2,2,0,3,0,0,5,5,0,0,1
6.0,25,5,20,6,19,13,6,12,7,12,12,4,18,13,8,1,0,4,7,26,14,12,0,5,7,1,2,0,0,0,0,0,0,0,0,12,0
6.5,25,8,17,9,16,19,9,6,10,6,6,7,14,7,4,4,0,5,4,27,21,6,8,8,22,6,7,1,2,6,11,12,1,7,0,6,1
6.5,29,7,22,8,21,19,8,10,11,10,11,7,19,12,6,4,0,5,5,32,21,11,8,7,11,4,5,3,2,6,6,7,1,7,0,10,0
6.85,25,4,21,5,20,13,5,12,8,12,12,4,21,16,7,0,1,3,4,27,15,12,4,3,2,0,0,0,0,0,0,0,1,0,0,10,1
7.33,39,12,27,12,27,27,12,12,15,12,12,10,28,16,3,6,2,11,5,43,31,12,15,12,51,4,4,9,9,13,9,11,5,2,12,12,1
8.0,23,4,19,4,19,11,4,12,7,12,12,6,18,15,10,0,4,2,5,25,13,12,5,4,0,0,2,4,0,3,0,0,5,5,0,12,1
8.5,17,3,14,3,14,11,3,6,8,6,6,3,11,9,3,3,0,1,5,17,11,6,0,3,2,1,2,0,0,0,0,0,0,0,0,6,0
9.81,32,14,18,14,18,32,14,0,18,0,0,16,16,2,0,16,2,9,6,34,34,0,18,14,85,14,14,11,19,19,14,19,10,12,18,0,1
10.0,39,14,25,14,25,39,14,0,25,0,0,19,19,14,0,6,13,8,23,38,38,0,0,14,63,3,3,0,4,8,7,7,0,0,0,0,1
10.5,10,4,6,4,6,4,3,6,1,5,4,0,5,5,4,0,0,1,1,10,4,6,0,4,5,1,1,0,2,4,2,2,0,0,0,5,1
10.68,13,6,7,6,7,4,2,9,2,5,2,0,2,5,1,0,0,2,0,14,4,10,0,3,3,2,0,3,2,1,2,3,0,0,0,2,0
11.0,36,6,30,6,30,30,6,6,24,6,6,12,18,12,3,15,0,3,21,36,30,6,0,3,0,0,2,1,0,0,0,1,0,0,0,6,0
11.2,37,8,29,10,27,31,10,6,21,6,6,18,25,20,4,4,14,6,22,37,31,6,0,7,11,2,2,1,2,3,1,1,0,0,0,6,1
13.7,12,6,6,6,6,7,4,5,3,3,1,1,3,3,1,1,0,3,3,12,7,5,0,4,3,0,0,2,1,3,3,3,0,0,0,0,1
14.0,18,3,15,3,15,6,3,12,3,12,12,2,16,13,8,0,0,2,3,19,7,12,0,2,1,0,0,0,0,0,0,0,0,0,0,12,1
14.0,33,10,23,11,22,27,11,6,16,6,6,13,23,12,2,1,3,8,1,36,30,6,15,10,39,3,3,9,11,14,10,11,6,11,12,6,1
14.1,19,4,15,4,15,7,4,12,3,12,12,1,15,12,10,0,0,2,2,21,9,12,5,4,5,2,2,2,2,3,0,0,3,3,0,12,1
14.1,18,3,15,3,15,6,3,12,3,12,12,2,15,12,9,0,0,3,4,19,7,12,0,3,2,0,0,0,0,0,1,2,0,0,0,12,1
15.5,9,3,6,3,6,3,2,6,1,5,4,0,5,5,4,0,0,2,1,9,3,6,0,3,2,0,0,2,0,0,1,2,0,0,0,5,1
15.9,10,3,7,3,7,10,3,0,7,0,0,6,6,5,0,0,2,2,1,10,10,0,5,3,2,0,0,1,2,3,0,0,3,3,0,0,1
17.2,27,7,20,9,18,27,9,0,18,0,0,14,14,6,0,9,4,5,7,28,28,0,11,7,18,6,7,4,3,4,5,7,6,6,6,0,0
17.9,29,5,24,6,23,11,6,18,5,18,18,4,22,17,15,1,2,3,6,32,14,18,5,5,0,0,2,4,0,3,0,4,5,5,0,18,0
19.5,13,7,6,9,4,8,6,5,2,2,0,1,1,1,0,0,0,3,2,13,8,5,0,7,11,2,4,6,5,8,4,7,0,0,0,0,1
21.0,11,3,8,3,8,5,3,6,2,6,6,1,7,5,4,0,0,2,1,11,5,6,0,3,3,0,0,0,2,2,0,0,0,0,0,6,1
23.4,11,4,7,4,7,5,4,6,1,6,6,0,7,4,3,0,0,3,1,11,5,6,0,4,6,0,0,3,0,0,5,5,0,0,0,6,1
23.6,42,19,23,19,23,42,19,0,23,0,0,20,20,1,0,22,1,14,9,45,45,0,23,19,156,19,21,18,21,26,27,31,15,15,18,0,0
24.0,16,3,13,4,12,10,4,6,6,6,6,4,10,7,4,1,0,3,5,16,10,6,0,3,0,0,2,0,0,0,0,0,0,0,0,6,1
27.5,33,15,18,15,18,33,15,0,18,0,0,16,16,1,0,17,1,11,6,35,35,0,18,15,99,16,16,14,20,20,15,20,12,12,18,0,0
27.7,24,7,17,8,16,24,8,0,16,0,0,11,14,8,0,4,2,4,3,26,26,0,15,7,15,6,7,1,2,6,7,7,1,4,10,0,0
28.0,21,6,15,7,14,15,7,6,8,6,6,5,12,10,4,2,4,3,2,22,16,6,7,6,9,1,2,4,0,2,0,0,0,0,0,6,1
28.0,25,8,17,9,16,19,9,6,10,6,6,6,14,7,4,4,0,5,3,27,21,6,9,8,22,6,7,1,2,6,9,9,1,4,4,6,1
28.25,31,11,20,13,18,20,9,11,11,7,6,6,14,7,5,5,0,5,6,34,23,11,9,10,24,6,8,2,2,6,7,8,1,4,4,6,1
29.0,13,7,6,7,6,8,5,5,3,3,1,0,2,2,1,0,0,1,2,13,8,5,0,6,11,3,3,4,4,4,3,5,0,0,0,0,1
30.0,17,5,12,5,12,7,3,10,4,8,7,1,10,10,3,0,0,3,2,18,7,11,0,4,3,0,0,3,0,0,2,6,0,0,0,8,1
30.0,47,22,25,22,25,47,22,0,25,0,0,16,17,4,0,11,4,8,9,48,48,0,22,22,210,15,15,13,16,20,25,28,5,9,6,0,0
30.0,22,1,21,1,21,10,1,12,9,12,12,4,22,18,8,2,2,0,0,25,13,12,11,1,0,0,0,0,0,0,0,0,0,2,6,12,1
30.6,15,2,13,2,13,9,2,6,7,6,6,5,13,12,4,0,1,2,4,15,9,6,0,2,1,0,0,0,0,0,0,0,0,0,0,6,0
31.4,30,8,22,11,19,19,9,11,10,9,8,6,17,10,3,3,0,4,4,33,22,11,8,8,13,4,5,6,4,10,6,7,1,7,0,6,0
34.0,17,5,12,7,10,11,7,6,4,6,6,2,8,6,4,1,1,3,4,17,11,6,0,5,7,0,0,4,0,0,0,0,0,0,0,6,1
35.0,9,5,4,5,4,3,3,6,0,4,2,0,2,2,1,0,0,1,0,9,3,6,0,3,5,0,0,1,0,0,3,3,0,0,0,4,1
36.3,36,13,23,15,21,30,15,6,15,6,6,8,15,8,5,6,0,8,6,39,33,6,13,13,33,6,8,9,5,15,11,14,2,8,0,6,1
45.0,28,9,19,10,18,10,9,18,1,17,16,0,17,12,11,0,0,5,6,30,12,18,0,9,21,0,0,4,3,4,6,11,0,0,0,17,1
46.4,18,3,15,3,15,12,3,6,9,6,6,6,14,12,3,1,2,3,6,18,12,6,0,3,2,0,0,0,0,0,1,2,0,0,0,6,1
50.0,36,8,28,10,26,19,8,17,11,15,13,6,20,12,10,7,0,4,7,40,23,17,11,7,0,0,4,1,0,7,0,3,2,4,6,12,1
50.0,22,6,16,7,15,16,7,6,9,6,6,7,14,12,4,1,5,4,4,23,17,6,6,6,9,0,0,4,0,0,0,0,0,0,6,6,1
50.1,9,4,5,4,5,3,2,6,1,4,2,0,3,4,3,0,0,1,1,9,3,6,0,4,3,1,4,2,0,0,1,2,0,0,0,4,1
55.44,9,5,4,5,4,3,3,6,0,4,2,0,2,3,1,0,0,2,0,9,3,6,0,2,4,0,0,1,0,0,2,1,0,0,0,4,1
68.0,32,9,21,12,20,32,12,0,20,0,0,12,12,7,0,9,0,9,14,32,32,0,6,9,0,0,5,4,0,10,0,9,4,4,6,0,1
69.0,14,4,9,7,7,14,7,0,7,0,0,4,4,1,0,6,1,2,4,14,14,0,6,4,3,0,0,1,0,0,2,2,0,0,6,0,1
96.0,26,8,18,10,16,21,9,5,12,4,3,7,12,7,3,4,0,6,6,28,23,5,9,8,13,4,5,2,3,8,4,7,1,4,4,0,1
100.0,23,9,14,9,14,23,9,0,14,0,0,11,11,3,0,8,1,7,2,25,25,0,16,9,30,8,12,9,10,12,16,20,3,5,14,0,0
103.0,22,4,18,4,18,5,2,17,3,15,13,2,18,17,10,0,1,2,5,24,7,17,0,4,3,0,1,0,2,4,0,0,0,0,0,12,1
111.0,18,3,15,5,13,12,5,6,7,6,6,6,13,9,4,0,1,3,4,19,13,6,3,3,2,1,2,0,0,0,0,0,2,0,0,6,1
120.0,10,2,8,2,8,10,2,0,8,0,0,7,7,7,0,0,5,2,5,9,9,0,0,2,1,0,0,0,0,0,0,0,0,0,0,0,1
124.0,18,5,13,5,13,6,5,12,1,12,12,0,14,9,6,0,0,3,2,19,7,12,0,3,3,0,0,2,0,0,0,0,0,0,0,12,0
125.0,28,10,18,12,16,23,11,5,12,4,3,6,11,6,3,3,0,7,7,30,25,5,9,10,24,4,8,3,3,9,7,12,1,7,4,0,1
172.4,34,13,21,16,18,24,10,10,14,4,1,7,10,4,1,5,0,4,9,37,27,10,9,12,30,4,6,5,3,9,6,9,1,4,4,0,1
201.0,36,15,21,16,20,25,12,11,13,7,6,7,15,7,4,3,0,9,8,39,28,11,9,14,46,5,11,11,5,14,7,13,1,7,4,6,0
644.23,26,7,19,7,19,10,6,16,4,15,15,3,20,17,8,0,1,5,5,28,11,17,0,6,5,0,0,3,0,0,2,5,0,0,0,15,1
257.0,36,15,21,18,18,25,13,11,12,6,2,6,10,6,1,4,0,7,6,39,28,11,9,13,46,8,10,6,5,9,9,14,1,4,4,3,1
287.0,29,8,21,10,19,18,8,11,10,9,8,6,17,11,4,3,0,4,4,32,21,11,8,8,13,4,5,6,4,10,6,7,1,7,0,6,1
302.0,8,4,4,4,4,8,4,0,4,0,0,3,3,0,0,3,0,3,3,7,7,0,0,4,6,3,3,3,0,0,0,0,0,0,0,0,0
310.0,10,4,6,5,5,10,5,0,5,0,0,3,3,1,0,2,0,3,3,9,9,0,0,4,5,2,2,0,1,2,0,0,0,0,0,0,0
430.0,44,17,27,19,25,33,15,11,18,7,6,9,17,7,4,8,0,8,8,48,37,11,15,16,54,6,13,4,7,18,9,12,3,6,10,6,0
553.0,22,3,19,4,18,12,3,10,9,9,9,6,15,12,5,4,2,0,8,23,12,11,0,3,2,0,0,2,1,1,0,0,0,0,0,9,0
1040.0,36,15,21,19,17,31,15,5,16,1,0,8,10,2,0,4,0,8,6,39,34,5,13,14,46,4,9,7,2,7,6,9,3,7,4,0,0
3650.0,62,15,47,15,47,44,15,18,29,18,18,25,47,32,15,8,3,14,14,68,50,18,20,15,50,4,7,6,8,17,10,21,13,20,10,18,1
9600.0,50,11,39,13,37,28,9,22,19,18,14,11,30,27,13,6,2,5,18,53,31,22,0,11,34,3,4,2,6,10,2,4,0,0,0,12,1
